[{"@type":"mappingTemplate","id":"@1","name":"m_load_SalesOrderHeader","description":"test","autoExpireObject":false,"bundleVersion":"0","assetFrsGuid":"cDina8qk1eaeVq4j5vV7Ck","templateId":"@3","deployTime":1762982736000,"hasParameters":false,"valid":true,"fixedConnection":true,"hasParametersDeployed":false,"fixedConnectionDeployed":true,"isSchemaValidationEnabled":false,"tasks":1,"mappingPreviewFileRecordId":"@2","documentType":"MAPPING","allowMaxFieldLength":false,"specialCharacterSupport":false,"references":[{"@type":"reference","refObjectId":"@3PcdEJswuIFcnPvemECNS4","refType":"connection"},{"@type":"reference","refObjectId":"@2j5RYJWnnmTiOCm3ZcNV4I","refType":"connection"}]}]